Market Name,4 Week Rate,Latitude,Longitude
Auburn-Opelika AL (CBSA),6793.2105263158,32.613769,-85.435266
Birmingham (Anniston and Tuscaloosa) (DMA),64848,33.520661,-86.80249
Birmingham-Hoover AL (CBSA),29398.5454545455,33.33896,-86.851694
Daphne-Fairhope AL (CBSA),6945,30.603833,-87.866136
Decatur AL (CBSA),5507.6923076923,34.605925,-86.983342
Florence-Muscle Shoals AL (CBSA),7110,34.814856,-87.642664
Huntsville AL (CBSA),10670,34.730369,-86.586104
Huntsville-Decatur (Florence) (DMA),3500,34.628418,-86.926653
Mobile AL (CBSA),13817.2727272727,30.695366,-88.039891
Mobile-Pensacola (Fort Walton Beach) (DMA),45324.0909090909,30.250639,-88.133507
Montgomery AL (CBSA),10069.6666666667,32.366805,-86.299969
Montgomery-Selma (DMA),21993.8947368421,32.412274,-87.032865
Tuscaloosa AL (CBSA),9227.8095238095,33.209841,-87.569173
Phoenix AZ (CBSA),63857.1428571429,33.448377,-112.074037
Phoenix AZ (DMA),49437.5,33.448377,-112.074037
Yuma AZ (CBSA),6559.375,32.692651,-114.627692
Yuma-El Centro (DMA),10553.5714285714,32.700749,-114.526076
Jonesboro AR (CBSA),2855,35.842297,-90.704279
Little Rock-North Little Rock AR (CBSA),11976.6666666667,34.833332,-92.253891
Little Rock-Pine Bluff (DMA),14883.3333333333,34.228431,-92.003195
Bakersfield (DMA),38568.6923076923,35.373292,-119.018712
Bakersfield CA (CBSA),38568.6923076923,35.373292,-119.018712
El Centro CA (CBSA),7587.5,32.792,-115.563051
Los Angeles (DMA),261570.416666667,34.052234,-118.243685
Riverside-San Bernardino-Ontario CA (CBSA),23734.2857142857,34.063344,-117.650888
Colorado Springs CO (CBSA),12263.125,38.833882,-104.821363
Colorado Springs-Pueblo (DMA),14165,38.242836,-104.698743
Denver-Aurora CO (CBSA),13720,39.729432,-104.83192
Hartford-New Haven (DMA),61731.3333333333,38.971262,-81.982031
Bridgeport-Stamford-Norwalk CT  (CBSA),34621.6666666667,35.233447,-82.734292
Hartford-West Hartford-East Hartford CT (CBSA),30846.875,41.795512,-72.713134
New Haven-Milford CT (CBSA),10843,41.230698,-73.064036
Cape Coral-Fort Myers FL (CBSA),13970,26.558783,-81.922892
Crestview-Fort Walton Beach-Destin FL (CBSA),7695.8181818182,30.393534,-86.495783
Deltona-Daytona Beach-Ormond Beach FL (CBSA),13471.4285714286,29.285813,-81.055889
Fort Myers-Naples (DMA),22166.6666666667,26.516733,-81.564805
Jacksonville (DMA),11725,30.332184,-81.655651
Ocala FL (CBSA),5742.8571428572,29.187199,-82.140092
Orlando-Daytona Beach-Melbourne (DMA),17030,28.083627,-80.608109
Orlando-Kissimmee FL (CBSA),7770,28.283623,-81.40896
Panama City (DMA),12492.16,8.983333,-79.516667
Panama City-Lynn Haven FL (CBSA),9471.6428571429,30.212401,-85.649614
Pensacola-Ferry Pass-Brent FL (CBSA),18726.25,30.471042,-87.231054
Tallahassee et al FL-GA (DMA),1875,32.165622,-82.900075
Tallahassee FL (CBSA),7500,30.438256,-84.280733
Tampa-Saint Petersburg (Sarasota) (DMA),48246.5454545455,27.84987,-82.482768
Athens-Clarke County GA  (CBSA),3000,32.204873,-95.855521
Atlanta (DMA),4000,33.748995,-84.387982
Atlanta-Sandy Springs-Marietta GA (CBSA),79405.5555555556,33.888116,-84.46427
Augusta (DMA),2625,33.473498,-82.010515
Augusta-Richmond County GA-SC (CBSA),2380,33.473498,-82.010515
Brunswick GA (CBSA),4100.8,31.149953,-81.491489
Calhoun GA (CBSA),2256.25,34.502587,-84.951054
Chattanooga (DMA),3500,35.04563,-85.30968
Chattanooga TN-GA (CBSA),7145,35.04563,-85.30968
Columbus GA (DMA),2808.6666666667,32.460976,-84.987709
Dalton GA (CBSA),3207.1428571429,34.769802,-84.970223
Greenville et al SC-NC (DMA),3010,35.759573,-79.0193
Rome GA (CBSA),2903.75,34.257038,-85.164673
Savannah (DMA),12150,32.083541,-81.099834
Savannah GA (CBSA),8946.6666666667,32.083541,-81.099834
Warner Robins GA (CBSA),4840,32.613001,-83.624201
Boise (DMA),3920,43.61871,-116.214607
Boise City-Nampa ID (CBSA),9711.1111111111,43.590999,-116.276786
Coeur d'Alene ID  (CBSA),4237.5,41.844474,-90.188738
Chicago (DMA),126830,41.878114,-87.629798
Chicago-Naperville-Joliet IL-IN-WI (CBSA),123220,43.78444,-88.787868
Evansville (DMA),25995.0476190476,37.971559,-87.57109
Peoria IL (CBSA),5250,40.693649,-89.588986
Peoria-Bloomington (DMA),2912,40.659775,-89.549401
Rockford IL (CBSA),7927.7777777778,42.271131,-89.093995
Saint Louis (DMA),6300,38.627003,-90.199404
Evansville IN-KY (CBSA),13915.2608695652,37.971559,-87.57109
Indianapolis (DMA),38364,39.768403,-86.158068
Indianapolis-Carmel IN (CBSA),24887.8,39.962126,-86.119424
Terre Haute (DMA),5048.6363636364,39.466703,-87.413909
Terre Haute IN (CBSA),2588.5,39.466703,-87.413909
Cedar Rapids IA (CBSA),9709.3333333333,41.97788,-91.665623
Cedar Rapids-Waterloo-Iowa City & Dubuque (DMA),28438.3846153846,42.500558,-90.664572
Davenport-Moline-Rock Island IA-IL (CBSA),21510.6470588235,41.519018,-90.542196
Davenport-Rock Island-Moline (DMA),33565.3333333333,41.519018,-90.542196
Dubuque IA (CBSA),4451.052631579,42.500558,-90.664572
Waterloo-Cedar Falls IA  (CBSA),6982.1428571429,48.198712,-122.125142
Kansas City (DMA),38056,39.099727,-94.578567
Kansas City MO-KS (CBSA),60467.5,39.099727,-94.578567
Topeka (DMA),5560.75,39.055824,-95.689018
Topeka KS (CBSA),4143.6666666667,39.055824,-95.689018
Jonesboro (DMA),4799.0909090909,35.842297,-90.704279
Paducah KY-IL (CBSA),3255.4545454546,37.083389,-88.600048
Alexandria LA (CBSA),4688.5,31.311294,-92.445137
Alexandria LA (DMA),6758.9473684211,31.311294,-92.445137
Baton Rouge (DMA),21931.8333333333,30.458283,-91.14032
Baton Rouge LA  (CBSA),16631.6153846154,30.458283,-91.14032
Lafayette LA (CBSA),16190,30.22409,-92.019843
Lafayette LA (DMA),5141.3333333333,30.22409,-92.019843
Lake Charles (DMA),7940.5714285714,30.226595,-93.217376
Lake Charles LA (CBSA),6241.4285714286,30.226595,-93.217376
New Orleans (DMA),8726.6666666667,29.951066,-90.071532
New Orleans-Metairie-Kenner LA (CBSA),7025,29.98453,-90.204452
Shreveport (DMA),15330,32.525152,-93.750179
Shreveport-Bossier City LA (CBSA),7612.7777777778,32.525152,-93.750179
Boston-Cambridge-Quincy MA-NH  (CBSA),10500,42.360083,-71.05888
Bay City MI (CBSA),3880,43.594468,-83.888865
Detroit (DMA),52958.3333333333,42.331427,-83.045754
Detroit-Warren-Livonia MI (CBSA),46525,42.341216,-83.282919
Flint MI (CBSA),5833.3333333333,43.012527,-83.687456
Flint-Saginaw-Bay City (DMA),19877.5,43.594468,-83.888865
Grand Rapids-Kalmazoo-Battle Creek (DMA),32286.6666666667,42.321152,-85.179714
Grand Rapids-Wyoming MI (CBSA),17107.2727272727,42.883043,-85.72166
Saginaw-Saginaw Township North MI (CBSA),6756,43.46009,-84.006109
Traverse City MI (CBSA),3185,44.763057,-85.620632
Traverse City-Cadillac (DMA),3185,44.246783,-85.391178
Minneapolis-Saint Paul (DMA),1700,44.971669,-93.280613
Minneapolis-St. Paul-Bloomington MN-WI (CBSA),17447.5,44.938911,-93.117755
St. Cloud MN (CBSA),4690,45.557945,-94.16324
Biloxi-Gulfport (DMA),5460,30.41338,-89.072958
Columbus MS (CBSA),4601.5,33.495674,-88.427263
Columbus-Tupelo-West Point (DMA),3290,39.961176,-82.998794
Gulfport-Biloxi MS (CBSA),5250,30.41338,-89.072958
Hattiesburg MS (CBSA),3753.9285714286,31.327119,-89.290339
Hattiesburg-Laurel (DMA),3220,31.468239,-89.335421
Jackson MS (CBSA),13315.9090909091,32.298757,-90.18481
Jackson MS (DMA),2705.5,32.298757,-90.18481
Farmington MO (CBSA),3058.75,37.780885,-90.421789
Joplin MO (CBSA),5455.88,37.084227,-94.513281
Joplin-Pittsburg (DMA),10785.7142857143,37.424084,-94.700308
Saint Joseph (DMA),5816.6666666667,39.767458,-94.846681
Springfield MO (CBSA),5803.3076923077,37.208957,-93.292299
Springfield MO (DMA),17566.6666666667,37.208957,-93.292299
St. Joseph MO-KS (CBSA),5217.8666666667,39.767458,-94.846681
St. Louis MO-IL (CBSA),26925,38.627003,-90.199404
Omaha (DMA),3325,41.252363,-95.997988
Omaha-Council Bluffs NE-IA (CBSA),10925,41.218364,-95.817993
Las Vegas (DMA),21356.8333333333,36.169941,-115.13983
Las Vegas-Paradise NV (CBSA),25823.6,36.097195,-115.146665
Albuquerque-Santa Fe (DMA),14180,35.075694,-106.65618
Albany-Schenectady-Troy (DMA),28526,42.791803,-73.873271
Albany-Schenectady-Troy NY (CBSA),18263.6363636364,42.791803,-73.873271
Buffalo - Niagara Region (DMA),37498.2857142857,42.886447,-78.878369
Buffalo-Niagara Falls NY (CBSA),30592.85,42.92748,-78.86771
New York (DMA),10000,40.712784,-74.005941
New York-Northern New Jersey-Long Island NY-NJ-PA (CBSA),8500,41.203322,-77.194525
Rochester NY (CBSA),35146.1538461538,43.16103,-77.610922
Rochester NY (DMA),33838.4615384615,43.16103,-77.610922
Syracuse (DMA),28941.6666666667,43.048122,-76.147424
Syracuse NY (CBSA),12064.5,43.048122,-76.147424
Asheville NC (CBSA),9511.1111111111,35.595058,-82.551487
Boone NC (CBSA),2800,36.216795,-81.674552
Charlotte (DMA),3430,35.227087,-80.843127
Charlotte-Gastonia-Concord NC-SC (CBSA),65191.6666666667,33.836081,-81.163724
Durham NC (CBSA),14295,35.994033,-78.898619
Fayetteville NC (CBSA),4629.5454545455,35.052664,-78.878358
Greensboro-High Point NC (CBSA),11800,36.006141,-79.943753
Greensboro-High Point-Winston-Salem (DMA),26900,36.09986,-80.244216
Greenville-New Bern-Washington (DMA),22225.3333333333,35.552304,-77.066181
Hickory-Lenoir-Morganton NC (CBSA),7216.25,35.745407,-81.684819
New Bern NC (CBSA),3896,35.108493,-77.044114
Raleigh-Durham (Fayetteville) (DMA),2908.5,35.77959,-78.638179
Roanoke Rapids NC (CBSA),3112.5,36.46154,-77.654146
Rocky Mount NC (CBSA),4764.6,35.93821,-77.790534
Wilmington (DMA),6486.6666666667,39.739072,-75.539788
Wilmington NC (CBSA),4200,34.225726,-77.94471
Winston-Salem NC  (CBSA),4200,39.18566,-78.163334
Cincinnati (DMA),25050,39.103118,-84.51202
Cincinnati-Middletown OH-KY-IN (CBSA),23223,39.103118,-84.51202
Cleveland-Akron (Canton) (DMA),3391.5,41.070049,-81.495162
Columbus OH  (CBSA),32734,41.430297,-97.35939
Columbus OH (DMA),5950,39.961176,-82.998794
Dayton (DMA),36734.0909090909,39.758948,-84.191607
Dayton OH (CBSA),18936.1111111111,39.758948,-84.191607
Mansfield OH (CBSA),2373,40.75839,-82.515447
Marion OH (CBSA),2315.5,40.58867,-83.128524
Toledo (DMA),21175.4166666667,41.663938,-83.555212
Toledo OH (CBSA),14984.3333333333,41.663938,-83.555212
Youngstown (DMA),3692.5,41.09978,-80.649519
Youngstown-Warren-Boardman OH-PA (CBSA),15860,41.079933,-80.66321
Oklahoma City (DMA),27552.3076923077,35.46756,-97.516428
Oklahoma City OK (CBSA),21577.2727272727,35.46756,-97.516428
Tulsa (DMA),5250,36.153982,-95.992775
Tulsa OK (CBSA),14163.1578947368,36.153982,-95.992775
Eugene OR (DMA),3500,44.052069,-123.086754
Eugene-Springfield OR (CBSA),3500,44.082283,-123.045008
Portland OR (DMA),43103.1818181818,45.523062,-122.676482
Salem OR (CBSA),2100,44.942898,-123.035096
Allentown-Bethlehem-Easton PA-NJ (CBSA),18022.2222222222,40.058324,-74.405661
East Stroudsburg PA (CBSA),3360,40.999539,-75.181291
Erie (DMA),20025,42.129224,-80.085059
Erie PA (CBSA),15975,42.129224,-80.085059
Harrisburg-Carlisle PA (CBSA),7911.5384615385,40.242763,-76.837283
Harrisburg-Lancaster-Lebanon-York (DMA),5180,53.959965,-1.087298
Lancaster PA (CBSA),17694.9285714286,40.037876,-76.305514
Philadelphia (DMA),40650,39.952584,-75.165222
Philadelphia-Camden-Wilmington PA-NJ-DE-MD (CBSA),4250,39.952584,-75.165222
Pittsburgh (DMA),42366.6666666667,40.440625,-79.995886
Pittsburgh PA (CBSA),104586.894736842,40.440625,-79.995886
Reading PA (CBSA),14404.1666666667,40.335648,-75.926875
Scranton--Wilkes-Barre PA (CBSA),14625,41.336246,-75.731149
Wilkes Barre-Scranton (DMA),39262.5,41.336246,-75.731149
Williamsport PA (CBSA),6292.5,41.24119,-77.001079
York-Hanover PA (CBSA),14705.8666666667,39.800655,-76.983036
Aguadilla-Isabela PR (CBSA),4200,18.500776,-67.024346
Arecibo (Region) (DMA),5600,18.459605,-66.744172
Arecibo PR (CBSA),5600,18.459605,-66.744172
Caguas (Region) (DMA),3500,18.2388,-66.035249
Mayaguez (Region) (DMA),3500,18.201346,-67.145152
Mayagüez PR (CBSA),5600,18.201346,-67.145152
Ponce (Region) (DMA),3000,18.011077,-66.614062
Ponce PR (CBSA),4200,18.011077,-66.614062
San Juan Metro (Region) (DMA),4200,-34.622676,-58.379952
San Juan Sub (Region) (DMA),2800,21.128816,-101.667321
San Juan-Caguas-Guaynabo PR (CBSA),4200,18.466334,-66.105722
Providence-New Bedford (DMA),17760,41.667668,-70.904307
Providence-New Bedford-Fall River RI-MA (CBSA),13230,42.407211,-71.382437
Columbia SC (CBSA),18122.1875,34.00071,-81.034814
Columbia SC (DMA),3640,34.00071,-81.034814
Myrtle Beach-Conway-North Myrtle Beach SC  (CBSA),2100,35.747877,-95.369691
Sioux Falls SD  (CBSA),7563.9090909091,43.544596,-96.731103
Jackson TN (CBSA),2375,35.614517,-88.813947
Jackson TN (DMA),2662.5,35.614517,-88.813947
Johnson City TN (CBSA),2627.2,36.31344,-82.353473
Kingsport-Bristol-Bristol TN-VA (CBSA),4321.7647058824,37.431573,-78.656894
Knoxville (DMA),11482.5,35.960638,-83.920739
Knoxville TN (CBSA),8712.7,35.960638,-83.920739
Nashville (DMA),34474,36.162664,-86.781602
Nashville-Davidson--Murfreesboro TN (CBSA),19616.6666666667,36.016739,-86.563252
Paducah-Cape Girardeau-Harrisburg (DMA),20275,40.273191,-76.886701
Tri-Cities TN-VA (DMA),8190.3529411765,36.450067,-82.531105
Beaumont-Port Arthur (DMA),7921.5555555556,29.950833,-94.020694
Beaumont-Port Arthur TX (CBSA),6651.5555555556,29.950833,-94.020694
Brownsville-Harlingen TX (CBSA),3276.5,25.972846,-97.512307
Corpus Christi (DMA),13383.7692307692,27.800583,-97.396381
Corpus Christi TX (CBSA),10394.4285714286,27.800583,-97.396381
Dallas-Fort Worth (DMA),3150,32.755488,-97.330766
Dallas-Fort Worth-Arlington TX (CBSA),41460,32.743344,-97.026241
Harlingen-Weslaco-Brownsville-McAllen (DMA),3290,26.203407,-98.230012
Killeen-Temple-Fort Hood TX (CBSA),5073.4375,31.086873,-97.754137
Laredo (DMA),7578,27.530567,-99.480324
Laredo TX (CBSA),6071.7857142857,27.530567,-99.480324
Lubbock (DMA),8853,33.577863,-101.855166
Lubbock TX (CBSA),7649.4285714286,33.577863,-101.855166
McAllen-Edinburg-Mission TX (CBSA),3395,26.215907,-98.325293
San Antonio (DMA),48650,29.424122,-98.493628
San Antonio TX (CBSA),50783.3333333333,29.424122,-98.493628
Tyler-Longview (Lufkin & Nacogdoches) (DMA),2922.5,32.496669,-94.744618
Victoria (DMA),3850,48.428421,-123.365644
Victoria TX (CBSA),2235.7142857143,28.805267,-97.003598
Waco TX (CBSA),3412.5,31.549333,-97.14667
Waco-Temple-Bryan (DMA),8230,31.549333,-97.14667
Norfolk-Portsmouth-Newport News (DMA),3100,36.884735,-76.299024
Richmond VA (CBSA),17661.0714285714,37.540725,-77.436048
Richmond-Petersburg (DMA),3425,35.345035,-86.631126
Roanoke VA (CBSA),7843.75,37.27097,-79.941427
Roanoke-Lynchburg (DMA),11862.5,37.290338,-80.034526
Virginia Beach-Norfolk-Newport News VA-NC (CBSA),16425,35.759573,-79.0193
Spokane (DMA),18861.8181818182,47.65878,-117.426047
Spokane WA (CBSA),12850.3846153846,47.65878,-117.426047
Beckley WV (CBSA),2071.7857142857,37.77817,-81.188156
Bluefield-Beckley-Oak Hill (DMA),4766.6666666667,37.736791,-81.133031
Charleston-Huntington (DMA),8274.3333333333,38.412378,-82.427026
Clarksburg WV (CBSA),2606.5454545455,39.280645,-80.344534
Clarksburg-Weston (DMA),5189.0833333333,42.706945,-73.204908
Huntington-Ashland WV-KY-OH (CBSA),3827.1428571429,40.417287,-82.907123
Morgantown WV (CBSA),4283.5555555556,39.629526,-79.955897
Milwaukee (DMA),33104,43.038903,-87.906474
Milwaukee-Waukesha-West Allis WI (CBSA),30666.6666666667,43.016681,-88.007031
Anniston-Oxford AL (CBSA),4691.4545454546,33.589824,-85.851965
Gadsden AL (CBSA),5390.6666666667,34.014264,-86.006639
Lake Havasu City-Kingman AZ (CBSA),5795.8333333333,35.189443,-114.053006
Washington et al DC-MD (DMA),3500,38.907192,-77.036871
Washington-Arlington-Alexandria DC-VA-MD-WV (CBSA),2750,48.198712,-122.125142
Port St. Lucie-Fort Pierce FL (CBSA),9263.3333333333,27.48397,-80.373589
West Palm Beach-Fort Pierce (DMA),17160.25,27.529312,-80.359057
Idaho Falls ID (CBSA),2196,43.491651,-112.033965
Idaho Falls-Pocatello (DMA),2660,42.776531,-112.862126
Lewiston ID-WA (CBSA),1353.3333333333,46.400409,-117.001189
Pocatello ID (CBSA),1900,42.871303,-112.445534
Yakima-Pasco-Richland-Kennewick (DMA),5660,46.45679,-119.451483
Bloomington IL (CBSA),4696.5,40.484203,-88.993687
Champaign & Springfield-Decatur (DMA),19483.3333333333,33.774828,-84.296312
Danville IL (CBSA),1277,40.124481,-87.630021
Decatur IL (CBSA),4054.1666666667,39.840315,-88.9548
Hammond LA (CBSA),2185.6666666667,30.504358,-90.4612
Houma-Bayou Cane-Thibodaux LA (CBSA),4132.1951219512,29.795763,-90.822871
Monroe LA (CBSA),4349.4166666667,32.509311,-92.119301
Mount Pleasant MI (CBSA),3483.75,43.597807,-84.767514
Alexandria MN (CBSA),928.3333333333,45.884816,-95.377666
Duluth MN-WI (CBSA),7396,46.786672,-92.100485
Duluth-Superior (DMA),9343.75,47.723087,-86.940716
Corinth MS (CBSA),2380,34.934255,-88.52227
Greenville MS (CBSA),2937.2,33.399661,-91.037703
Greenwood-Greenville (DMA),2100,44.298276,-88.516357
Laurel MS (CBSA),2323.3333333333,31.694051,-89.130612
Memphis (DMA),2800,35.149534,-90.04898
Monroe-El Dorado (DMA),3367,39.901994,-84.674956
Starkville MS (CBSA),2405.8,33.4504,-88.818387
Tupelo MS (CBSA),7556.25,34.257607,-88.703386
Branson MO (CBSA),4780,36.643673,-93.218514
Cape Girardeau-Jackson MO-IL (CBSA),3990,37.382273,-89.666206
Fort Madison-Keokuk IA-MO (CBSA),2020,37.964253,-91.831833
Hannibal MO (CBSA),2996.1538461539,39.708379,-91.358482
Lebanon MO (CBSA),1266.6666666667,37.680597,-92.663787
Quincy IL-MO (CBSA),5292.8571428572,39.935602,-91.409873
Quincy-Hannibal-Keokuk (DMA),3500,42.252877,-71.002271
Billings (DMA),3104.1666666667,45.783286,-108.50069
Billings MT (CBSA),9423.3333333333,45.783286,-108.50069
Great Falls (DMA),1820,47.494184,-111.283345
Great Falls MT (CBSA),1989,47.494184,-111.283345
Helena (DMA),1220,46.588371,-112.024505
Helena MT (CBSA),1620,46.588371,-112.024505
Grand Island NE (CBSA),2941.8,40.926396,-98.342012
Hastings NE (CBSA),1974.6,40.586258,-98.389873
Kearney NE (CBSA),1676,40.69933,-99.081678
Las Cruces NM (CBSA),4974,32.31994,-106.763654
North Wilkesboro NC (CBSA),2100,36.158465,-81.147584
Cleveland-Elyria-Mentor OH (CBSA),26454.6,41.666157,-81.339552
Findlay OH (CBSA),1625,41.04422,-83.649932
Johnstown-Altoona (DMA),46137.4166666667,40.355568,-78.516433
Sandusky OH (CBSA),2373,41.44894,-82.707961
Sidney OH (CBSA),3414.1818181818,40.284216,-84.155499
Wheeling WV-OH (CBSA),5644.4444444445,40.063962,-80.720915
Wheeling-Steubenville (DMA),11057.1428571429,40.317407,-80.603549
Altoona PA (CBSA),10735.5294117647,40.518681,-78.394736
Bloomsburg-Berwick PA (CBSA),2904,41.026742,-76.358569
Gettysburg PA (CBSA),4695.8333333333,39.830929,-77.231095
Indiana PA (CBSA),8271.4285714286,40.621455,-79.152535
Johnstown PA (CBSA),9884.9285714286,40.326741,-78.92197
Lewisburg PA (CBSA),3734,40.964529,-76.88441
Meadville PA (CBSA),6683.3333333333,41.641444,-80.151448
State College PA (CBSA),6285.7142857143,40.793395,-77.860001
Rapid City (DMA),9588.1111111111,44.080543,-103.231015
Rapid City SD  (CBSA),6999.75,44.080543,-103.231015
Sioux Falls (Mitchell) (DMA),20318.8333333333,43.544596,-96.731103
Clarksville TN-KY (CBSA),9539,36.529771,-87.359453
Cookeville TN (CBSA),2810,36.162839,-85.501642
McMinnville TN (CBSA),1010.3846153846,35.686589,-85.780145
Paris TN (CBSA),1400,36.302002,-88.326711
Union City TN-KY (CBSA),1400,36.42423,-89.05701
Abilene TX (CBSA),3325,32.448736,-99.733144
Abilene-Sweetwater (DMA),1680,32.604284,-100.139174
El Paso (Las Cruces) (DMA),9305.7142857143,31.777576,-106.442456
Levelland TX (CBSA),952.5,33.587316,-102.37796
Nacogdoches TX (CBSA),1983.3333333333,31.603513,-94.655487
San Angelo (DMA),1680,31.463772,-100.437037
San Angelo TX (CBSA),3376.9230769231,31.463772,-100.437037
Sherman-Ada (DMA),1400,43.628371,-116.20107
Salt Lake City (DMA),1820,40.760779,-111.891047
Seattle-Tacoma (DMA),1400,47.45025,-122.308817
Wenatchee WA (CBSA),2527.7777777778,47.42346,-120.310349
Yakima WA (CBSA),5454.2857142857,46.602071,-120.505899
Bluefield WV-VA (CBSA),1629.8571428572,37.26984,-81.22232
Fairmont WV (CBSA),2360.8,39.485085,-80.142578
Baraboo WI (CBSA),1425,43.471094,-89.744291
Fond du Lac WI  (CBSA),1765.7142857143,34.814856,-87.642664
Janesville WI (CBSA),1681.9230769231,42.682789,-89.018722
Madison (DMA),1960,43.073052,-89.40123
Manitowoc WI (CBSA),1576.25,44.088606,-87.657584
Sheboygan WI (CBSA),3607,43.750828,-87.71453
Stevens Point WI (CBSA),4407.1875,44.523579,-89.574563
Wausau WI (CBSA),5584.6428571429,44.959135,-89.630122
Wausau-Rhinelander (DMA),19086.1764705882,45.610836,-89.526737
Casper-Riverton (DMA),4267.5,42.833548,-107.769516
Rock Springs WY (CBSA),1240,41.587464,-109.202904
Cullman AL (CBSA),3980,34.174821,-86.843612
Selma AL (CBSA),2568,32.407359,-87.021101
Troy AL (CBSA),1347.7142857143,31.808768,-85.969951
Batesville AR  (CBSA),595,42.998116,-78.187517
Blytheville AR (CBSA),1455.7142857143,35.927295,-89.918975
Fayetteville-Springdale-Rogers AR-MO (CBSA),8337.5,37.964253,-91.831833
Helena-West Helena AR (CBSA),1539.75,34.5291,-90.59
Hot Springs AR (CBSA),1633.3333333333,34.5037,-93.05518
Mountain Home AR  (CBSA),596.6666666667,38.317271,-88.90312
Paragould AR (CBSA),1410,36.058402,-90.497329
Pine Bluff AR (CBSA),1500,34.228431,-92.003195
Russellville AR (CBSA),1600,35.278417,-93.133786
Searcy AR (CBSA),1350,35.24682,-91.733685
Fresno-Visalia (DMA),41198,36.292365,-119.210492
Hanford-Corcoran CA (CBSA),6351.75,36.098007,-119.560402
Los Angeles-Long Beach-Anaheim CA (CBSA),,33.842117,-118.029652
Visalia-Porterville CA (CBSA),11370.125,36.06523,-119.016768
Pueblo CO (CBSA),3698.3333333333,38.254447,-104.609141
Springfield-Holyoke (DMA),31689,42.217209,-72.626944
Arcadia FL (CBSA),1933.3333333333,27.215883,-81.858416
Lake City FL (CBSA),2045,30.189676,-82.63929
Naples-Marco Island FL (CBSA),16333.3333333333,25.995001,-81.672501
Palatka FL (CBSA),2250,29.64858,-81.637582
Palm Bay-Melbourne-Titusville FL (CBSA),20001,28.612219,-80.807554
Sebring FL (CBSA),4224.0833333333,27.495592,-81.440907
The Villages FL (CBSA),3110,28.927019,-82.003761
Wauchula FL (CBSA),1593,27.547259,-81.811471
Bainbridge GA  (CBSA),1012.5,30.483571,-97.736778
Cedartown GA (CBSA),1687.5,34.011272,-85.256582
Hinesville-Fort Stewart GA (CBSA),1375,31.845702,-81.573434
Milledgeville GA (CBSA),1125,33.080143,-83.232099
Summerville GA (CBSA),1600,34.480642,-85.347734
Thomasville GA  (CBSA),1650,28.927019,-82.003761
Blackfoot ID (CBSA),1050,43.190471,-112.344977
Burley ID (CBSA),630,42.535743,-113.792795
Moscow ID (CBSA),1360,46.732387,-117.000165
Mountain Home ID (CBSA),840,43.13295,-115.691197
Rexburg ID (CBSA),630,43.82311,-111.792424
Twin Falls ID (CBSA),2050,42.562967,-114.460871
Canton IL (CBSA),1550,40.558095,-90.035117
Charleston-Mattoon IL (CBSA),2270,39.481523,-88.368364
Effingham IL (CBSA),1550,39.120042,-88.543383
Jacksonville IL (CBSA),1987.5,39.733936,-90.22901
Lincoln IL  (CBSA),750,38.040584,-84.503716
Macomb IL (CBSA),2187.5,40.459208,-90.671797
Sterling IL  (CBSA),1250,38.068469,-78.889468
Taylorville IL (CBSA),2150,39.548935,-89.294533
Bedford IN (CBSA),1246.1111111111,38.861162,-86.487215
Bloomington IN (CBSA),7098.5714285714,39.165325,-86.526386
Columbus IN (CBSA),2783.3333333333,39.20144,-85.92138
Greensburg IN (CBSA),1434.2857142857,39.337272,-85.483581
Jasper IN (CBSA),3177.375,38.391442,-86.931109
North Vernon IN (CBSA),1057.5,39.006165,-85.62358
Seymour IN (CBSA),1470,38.95922,-85.890255
Vincennes IN (CBSA),1144.4444444445,38.677269,-87.528633
Washington IN (CBSA),937.5,38.659215,-87.172789
Clinton IA (CBSA),1473.125,41.844474,-90.188738
Marshalltown IA  (CBSA),953.3333333333,32.544871,-94.367418
Emporia KS (CBSA),1126,38.403903,-96.181663
Lawrence KS (CBSA),2700,38.971669,-95.23525
Pittsburg KS (CBSA),895.8,37.410884,-94.70496
Carbondale IL (CBSA),3060,37.727273,-89.21675
Danville KY (CBSA),2025,37.645633,-84.77217
Frankfort KY (CBSA),2762.5,38.200906,-84.873284
Lexington-Fayette KY (CBSA),11598.75,38.040584,-84.503716
Madisonville KY (CBSA),2899.5,37.328101,-87.498888
Mayfield KY (CBSA),1425,36.741724,-88.636715
Murray KY (CBSA),1706.25,36.610333,-88.314761
Bogalusa LA (CBSA),1312.5,30.79102,-89.848686
De Ridder LA (CBSA),1438.75,30.846306,-93.289053
El Dorado AR (CBSA),1828,33.20763,-92.666267
Morgan City LA (CBSA),1829,29.699375,-91.20677
Natchez MS-LA (CBSA),2173,31.560444,-91.403171
Opelousas-Eunice LA (CBSA),2327.2727272727,30.494367,-92.417632
Cumberland MD-WV (CBSA),7803.6,39.652865,-78.762518
Hagerstown-Martinsburg MD-WV (CBSA),13493.4285714286,38.597626,-80.454903
Pittsfield MA (CBSA),6766.6666666667,42.450085,-73.245382
Springfield MA (CBSA),26710,42.101483,-72.589811
Alma MI (CBSA),2040,43.37892,-84.659727
Escanaba MI (CBSA),1540,45.745247,-87.06458
Holland MI (CBSA),3020,42.787524,-86.10893
Houghton MI (CBSA),2956.25,47.121133,-88.569418
Ionia MI (CBSA),1864.2857142857,42.987255,-85.071117
Iron Mountain MI-WI (CBSA),1492.8571428572,45.820233,-88.06596
Ludington MI (CBSA),1837.5,43.955283,-86.452583
Marquette (DMA),6985,46.547583,-87.395595
Marquette MI (CBSA),2062.5,46.547583,-87.395595
Midland MI (CBSA),3980,43.615583,-84.247212
Muskegon-Norton Shores MI (CBSA),5385.7142857143,43.168904,-86.263946
Bemidji MN (CBSA),1761.25,47.487536,-94.885849
Brainerd MN (CBSA),2010,46.352673,-94.202008
Hutchinson MN (CBSA),1190,44.892548,-94.369293
Mankato-North Mankato MN  (CBSA),1785,44.088606,-87.657584
Marshall MN (CBSA),1130,44.448423,-95.791192
New Ulm MN (CBSA),1388.3333333333,44.314439,-94.459302
Willmar MN (CBSA),1897,45.122371,-95.048659
Worthington MN (CBSA),1003.75,43.621099,-95.594144
Brookhaven MS (CBSA),1140,31.579059,-90.440651
Clarksdale MS (CBSA),1267.6666666667,34.200109,-90.570932
Cleveland MS (CBSA),1603.6666666667,33.744002,-90.724819
Greenwood MS (CBSA),1946.25,33.516232,-90.179528
Grenada MS (CBSA),1602.75,33.769005,-89.808419
Indianola MS (CBSA),1355.5,33.450951,-90.655092
McComb MS (CBSA),1057,31.243787,-90.453153
Oxford MS (CBSA),4020,34.366495,-89.519248
Picayune MS (CBSA),2669.1666666667,30.525469,-89.679508
Vicksburg MS (CBSA),2908.3333333333,32.352646,-90.877882
Atchison KS (CBSA),1066.6666666667,39.563052,-95.121636
Fort Leonard Wood MO (CBSA),950,37.725232,-92.164672
Jefferson City MO (CBSA),7360,38.576702,-92.173516
Kennett MO  (CBSA),1687.5,40.69933,-99.081678
Kirksville MO (CBSA),3322.7272727273,40.194754,-92.58325
Marshall MO (CBSA),1437.5,39.123078,-93.19687
Maryville MO (CBSA),2025,40.346102,-94.872471
Mexico MO (CBSA),1718.1818181818,39.173065,-91.887271
Moberly MO (CBSA),1425,39.418369,-92.438237
Poplar Bluff MO (CBSA),3659.0909090909,36.756999,-90.392888
Rolla MO (CBSA),2653.8461538462,37.948544,-91.77153
Sikeston MO (CBSA),1955,36.876719,-89.587858
Warrensburg MO (CBSA),1500,38.762789,-93.73605
West Plains MO (CBSA),840,36.728115,-91.852371
Bozeman MT (CBSA),1750,45.676998,-111.042934
Butte-Bozeman (DMA),2466.6666666667,45.667692,-111.248301
Butte-Silver Bow MT (CBSA),913,46.003823,-112.534778
Glendive MT (DMA),591.6666666667,47.106401,-104.710793
Kalispell MT (CBSA),1116.6666666667,48.191989,-114.316813
Missoula (DMA),3025,46.878718,-113.996586
Missoula MT (CBSA),2185,46.878718,-113.996586
Columbus NE (CBSA),807.25,41.430297,-97.35939
Fremont NE (CBSA),1482.75,41.433391,-96.498147
Lexington NE (CBSA),1064.6666666667,40.78084,-99.741505
Norfolk NE (CBSA),1369.5,42.032723,-97.413755
Scottsbluff NE (CBSA),1150,41.866634,-103.667166
Alamogordo NM (CBSA),3333.3333333333,32.899533,-105.960265
Carlsbad-Artesia NM (CBSA),1733.3333333333,32.471881,-104.283697
Deming NM (CBSA),2550,32.268698,-107.75864
Farmington NM (CBSA),2750,36.728058,-108.218686
Hobbs NM (CBSA),2800,32.702612,-103.13604
Roswell NM (CBSA),1700,33.394266,-104.523024
Silver City NM (CBSA),2142.8571428572,32.770075,-108.280326
Batavia NY (CBSA),2983.3333333333,42.998116,-78.187517
Glens Falls NY (CBSA),3450,43.309516,-73.644006
Olean NY  (CBSA),7400,35.46756,-97.516428
Plattsburgh NY (CBSA),2478.5714285714,44.699487,-73.452912
Brevard NC (CBSA),1800,35.233447,-82.734292
Elizabeth City NC (CBSA),2793.75,36.294601,-76.251046
Forest City NC (CBSA),1400,35.334011,-81.865103
Goldsboro NC (CBSA),3602.5,35.384884,-77.992765
Greenville NC (CBSA),8460.6666666667,35.612661,-77.366354
Kinston NC (CBSA),3096.4444444445,35.262664,-77.581635
Lumberton NC (CBSA),1983.3333333333,34.61822,-79.008642
Marion NC (CBSA),2100,35.684013,-82.009274
Morehead City NC (CBSA),3267.4285714286,34.722939,-76.726044
Shelby NC (CBSA),2100,35.292351,-81.535646
Washington NC (CBSA),2712.75,35.546552,-77.052174
Wilson NC (CBSA),3913,35.721269,-77.91554
Ashtabula OH (CBSA),7168.75,41.865053,-80.789809
Bellefontaine OH (CBSA),1770,40.361164,-83.759656
Celina OH (CBSA),1736,40.548936,-84.570234
Fremont OH (CBSA),1416,41.35033,-83.121863
Greenville OH (CBSA),4158.3333333333,40.102826,-84.633012
Port Clinton OH (CBSA),1620,41.511995,-82.937692
Portsmouth OH (CBSA),989,38.731743,-82.997674
Springfield OH (CBSA),5083.3333333333,39.924227,-83.808817
Tiffin OH (CBSA),1730,41.114499,-83.177975
Van Wert OH (CBSA),1841.25,40.869493,-84.584122
Wapakoneta OH (CBSA),1913.3333333333,40.567827,-84.193559
Weirton-Steubenville WV-OH (CBSA),5320,40.417287,-82.907123
Muskogee OK (CBSA),1575,35.747877,-95.369691
Ponca City OK  (CBSA),2800,38.844525,-82.137089
Shawnee OK (CBSA),1460,35.327293,-96.9253
Bradford PA (CBSA),6520,41.956495,-78.649163
DuBois PA (CBSA),9175.8333333333,41.121012,-78.758326
Huntingdon PA (CBSA),3200.125,40.484796,-78.010281
Lebanon PA (CBSA),4133.6666666667,40.340925,-76.41135
Lewistown PA (CBSA),3375,40.59924,-77.571382
Lock Haven PA (CBSA),2833.3333333333,41.137013,-77.446926
Oil City PA (CBSA),2855,41.433948,-79.706441
Pottsville PA  (CBSA),2400,38.731743,-82.997674
Sayre PA (CBSA),5100,41.978963,-76.515499
Selinsgrove PA (CBSA),3400,40.798974,-76.862193
Somerset PA (CBSA),10437.8333333333,40.008411,-79.078083
Warren PA (CBSA),4775,41.843949,-79.145044
Florence SC (CBSA),966.6666666667,34.195433,-79.762562
Aberdeen SD (CBSA),3082.5,45.464699,-98.486483
Brookings SD (CBSA),1130,44.311357,-96.798388
Huron SD (CBSA),1977.5,44.363317,-98.214257
Mitchell SD (CBSA),1402.1428571429,43.709428,-98.029799
Pierre SD (CBSA),1695,44.368316,-100.350967
Vermillion SD  (CBSA),1130,40.869493,-84.584122
Watertown SD (CBSA),950,44.899409,-97.115073
Yankton SD (CBSA),1412.5,42.871109,-97.397281
Athens TN (CBSA),1234.375,35.442851,-84.59299
Greeneville TN (CBSA),1298.1428571429,36.163157,-82.830986
Lewisburg TN (CBSA),2712.5,35.44924,-86.788889
Morristown TN (CBSA),1675.625,36.213981,-83.294892
Newport TN (CBSA),1426.6666666667,35.967041,-83.187658
Sevierville TN (CBSA),2216.6666666667,35.868146,-83.561835
Shelbyville TN  (CBSA),1053.8461538462,35.292351,-81.535646
Alice TX  (CBSA),1459,45.884816,-95.377666
Amarillo TX  (CBSA),12340.4166666667,40.518681,-78.394736
Athens TX (CBSA),1740,32.204873,-95.855521
Beeville TX  (CBSA),2620.8333333333,38.861162,-86.487215
Big Spring TX (CBSA),1611.4285714286,32.250398,-101.478735
Borger TX  (CBSA),908.3333333333,36.216795,-81.674552
Brenham TX (CBSA),1328.5714285714,30.166883,-96.397744
College Station-Bryan TX (CBSA),5600,30.596189,-96.295852
Dumas TX  (CBSA),991.25,47.723087,-86.940716
El Campo TX (CBSA),1691.6666666667,29.19664,-96.269687
Hereford TX  (CBSA),944,36.329591,-78.399164
Huntsville TX (CBSA),2275,30.723526,-95.550777
Jacksonville TX (CBSA),1389.2857142857,31.963778,-95.270504
Lamesa TX (CBSA),993.3333333333,32.7376,-101.950992
Longview TX (CBSA),5990.625,32.500704,-94.740489
Marshall TX (CBSA),1370.8333333333,32.544871,-94.367418
Palestine TX (CBSA),1260,31.762115,-95.630789
Pampa TX  (CBSA),1111.25,28.612219,-80.807554
Plainview TX (CBSA),1287.375,34.184794,-101.706842
Snyder TX (CBSA),852.1666666667,32.717886,-100.917618
Sulphur Springs TX (CBSA),1195,33.138448,-95.601067
Sweetwater TX (CBSA),766.6666666667,32.470952,-100.405938
Blacksburg-Christiansburg-Radford VA (CBSA),4595,37.1705,-80.5189
Charlottesville (DMA),8100,38.029306,-78.476678
Charlottesville VA (CBSA),11150,38.029306,-78.476678
Harrisonburg VA (CBSA),2812.5,38.449569,-78.868916
Staunton-Waynesboro VA (CBSA),3545.8333333333,38.068469,-78.889468
Winchester VA-WV (CBSA),2500,39.18566,-78.163334
Pullman WA  (CBSA),1700,38.254447,-104.609141
Walla Walla WA  (CBSA),1260,31.549333,-97.14667
Charleston WV (CBSA),3214.25,38.34982,-81.632623
Elkins WV (CBSA),2836.25,38.92594,-79.846735
Point Pleasant WV-OH (CBSA),1231.6666666667,38.844525,-82.137089
Appleton WI (CBSA),4956.25,44.261931,-88.415385
Green Bay WI (CBSA),5908.3333333333,44.519159,-88.019826
La Crosse-Eau Claire (DMA),18778.4615384615,44.811349,-91.498494
Madison WI (CBSA),6718,43.073052,-89.40123
Menomonie WI (CBSA),1702.8571428572,44.875518,-91.919342
Merrill WI (CBSA),1852.1428571429,45.180522,-89.683459
Oshkosh-Neenah WI (CBSA),1696.4285714286,44.200397,-88.517852
Racine WI  (CBSA),2600,42.252877,-71.002271
Shawano WI Micro (CBSA),1305,44.782206,-88.608992
Watertown-Fort Atkinson WI (CBSA),2050,42.928894,-88.837051
Whitewater WI (CBSA),2692,42.83362,-88.732327
Wisconsin Rapids-Marshfield WI Micro (CBSA),4675.625,44.383576,-89.817346
Cheyenne WY  (CBSA),2300,35.04563,-85.30968
Cheyenne-Scottsbluff (DMA),3375,41.876312,-103.637984
Evanston WY (CBSA),683.3333333333,41.268279,-110.963237
Gillette WY (CBSA),1150,44.291092,-105.502221
Laramie WY (CBSA),950,41.311367,-105.591101
Riverton WY (CBSA),1083.3333333333,43.024959,-108.380104
Sheridan WY (CBSA),816.6666666667,44.797194,-106.956179
Austin-Round Rock TX (CBSA),56445.4545454545,30.483571,-97.736778
Dothan (DMA),17884,31.223231,-85.390489
Dothan AL (CBSA),6312,31.223231,-85.390489
Talladega-Sylacauga AL (CBSA),7073.3333333333,33.173172,-86.251641
Fort Smith AR-OK  (CBSA),2100,31.056712,-93.213123
Chico CA  (CBSA),2121,43.78444,-88.787868
Chico-Redding CA (DMA),6363,39.75718,-121.830196
Clearlake CA (CBSA),3712.3333333333,38.958231,-122.626373
Fresno CA (CBSA),32460.75,36.746842,-119.772587
Madera CA (CBSA),8432,36.961336,-120.060718
Merced CA (CBSA),7955,37.302163,-120.482968
Modesto CA (CBSA),10606.25,37.639097,-120.996878
Oxnard-Thousand Oaks-Ventura CA  (CBSA),13125,36.3107,-78.590835
Redding CA (CBSA),3151,40.58654,-122.391675
Reno NV (DMA),52500,39.529633,-119.813803
San Diego (DMA),62375,32.715738,-117.161084
San Diego-Carlsbad-San Marcos CA (CBSA),62375,33.120028,-117.207714
Gainesville (DMA),7900,29.651634,-82.324826
Gainesville FL (CBSA),2600,29.651634,-82.324826
Homosassa Springs FL (CBSA),3300,28.803706,-82.576137
Jacksonville FL (CBSA),20450,30.332184,-81.655651
Okeechobee FL  (CBSA),1500,41.433948,-79.706441
Punta Gorda FL (CBSA),4860,26.929784,-82.045366
Sebastian-Vero Beach FL (CBSA),6000,27.813598,-80.493329
Tampa-St. Petersburg-Clearwater FL (CBSA),12025,28.036547,-82.681172
Gainesville GA (CBSA),3625,34.297879,-83.824066
Jefferson GA (CBSA),1000,34.117054,-83.572388
LaGrange GA (CBSA),2750,33.036222,-85.032244
Ontario OR-ID  (CBSA),900,41.218364,-95.817993
Burlington IA-IL  (CBSA),1900,42.535743,-113.792795
Champaign-Urbana IL (CBSA),2500,40.110588,-88.20727
Galesburg IL (CBSA),525,40.947816,-90.371239
Mount Vernon IL (CBSA),2286,38.317271,-88.90312
Angola IN (CBSA),1500,41.634773,-84.999409
Auburn IN (CBSA),1500,41.366994,-85.058857
Crawfordsville IN (CBSA),500,40.041154,-86.874452
Elkhart-Goshen IN (CBSA),2700,41.582272,-85.834438
Fort Wayne IN (CBSA),6750,41.079273,-85.139351
Huntington IN (CBSA),850,40.883101,-85.497476
Kokomo IN (CBSA),3033.3333333333,40.486427,-86.133603
Lafayette IN (DMA),2375,40.416702,-86.875287
Lafayette-West Lafayette IN (CBSA),2375,40.275349,-81.75096
Madison IN (CBSA),1127.1428571429,38.735893,-85.379958
Marion IN (CBSA),1225,40.558374,-85.659144
New Castle IN (CBSA),633.3333333333,39.928935,-85.370248
Richmond IN (CBSA),1266.6666666667,39.828937,-84.890238
Ames IA  (CBSA),1050,35.221997,-101.831297
Mason City IA  (CBSA),700,40.346102,-94.872471
Muscatine IA  (CBSA),3250,36.610333,-88.314761
Hays KS  (CBSA),500,31.468239,-89.335421
Salina KS  (CBSA),600,44.942898,-123.035096
Wichita KS (CBSA),9540,37.688889,-97.336111
Fort Polk South LA (CBSA),1000,31.056712,-93.213123
Natchitoches LA (CBSA),2400,31.76072,-93.086275
Adrian MI (CBSA),2550,41.897547,-84.037166
Ann Arbor MI (CBSA),4500,42.280826,-83.743038
Battle Creek MI (CBSA),2466.6666666667,42.321152,-85.179714
Coldwater MI (CBSA),1466.6666666667,41.940326,-85.000521
Jackson MI (CBSA),2466.6666666667,42.245869,-84.401346
Lansing-East Lansing MI (CBSA),10000,42.761259,-84.542783
Marinette WI-MI (CBSA),675,45.099985,-87.630662
Monroe MI (CBSA),4866.6666666667,41.916434,-83.39771
Niles-Benton Harbor MI (CBSA),2712.5,42.104359,-86.445355
Fargo ND-MN (CBSA),3533.3333333333,46.877186,-96.789803
Fargo-Valley City (DMA),8966.6666666667,40.717624,-111.930055
Elko NV (CBSA),840,40.832421,-115.763123
Gallup NM (CBSA),2560,35.528078,-108.742584
Grants NM (CBSA),2200,35.14726,-107.851447
Las Vegas NM  (CBSA),3200,36.169941,-115.13983
Watertown-Fort Drum NY (CBSA),500,44.055837,-75.759545
Henderson NC (CBSA),3000,36.329591,-78.399164
Jacksonville NC  (CBSA),3000,39.733936,-90.22901
Laurinburg NC (CBSA),1250,34.774049,-79.462825
Oxford NC (CBSA),2750,36.3107,-78.590835
Raleigh-Cary NC (CBSA),50100,35.794842,-78.749778
Rockingham NC (CBSA),1350,34.93932,-79.773946
Sanford NC (CBSA),1200,35.479876,-79.180299
Athens OH (CBSA),2000,39.32924,-82.101255
Chillicothe OH (CBSA),2867.1666666667,39.33312,-82.982402
Fort Wayne (DMA),12500,41.079273,-85.139351
Jackson OH (CBSA),739,39.052017,-82.636554
Parkersburg-Marietta-Vienna WV-OH (CBSA),2315,39.263721,-81.555488
Washington Court House OH Micro (CBSA),2231.8181818182,39.536451,-83.439084
Zanesville (DMA),4000,39.940345,-82.013192
Zanesville OH (CBSA),5000,39.940345,-82.013192
Bartlesville OK  (CBSA),1625,43.471094,-89.744291
Elk City OK (CBSA),600,35.411994,-99.404259
Guymon OK  (CBSA),1410,30.41338,-89.072958
McAlester OK  (CBSA),1350,36.741724,-88.636715
Miami OK  (CBSA),666.6666666667,25.76168,-80.19179
Stillwater OK (CBSA),3550,36.115607,-97.058368
Tahlequah OK  (CBSA),2875,43.048122,-76.147424
Hilton Head Island-Beaufort SC (CBSA),4800,32.216316,-80.752608
Spearfish SD (CBSA),1090,44.490817,-103.85937
Crossville TN (CBSA),1860,35.948957,-85.026901
Austin (DMA),58266.6666666667,30.267153,-97.743061
El Paso TX (CBSA),20832,31.777576,-106.442456
Fredericksburg TX (CBSA),2400,30.275201,-98.871984
Kerrville TX  (CBSA),3000,36.236176,-90.055649
Vernal UT  (CBSA),700,42.779442,-96.92921
Danville VA (CBSA),2500,36.585972,-79.395023
Martinsville VA (CBSA),2812.5,36.691526,-79.872539
Platteville WI (CBSA),1200,42.73416,-90.478462
Albertville AL (CBSA),1600,34.267594,-86.208867
Ozark AL (CBSA),2700,31.459058,-85.640493
San Luis Obispo-Paso Robles CA  (CBSA),7500,18.466334,-66.105722
Canon City CO (CBSA),1550,38.449406,-105.225332
Greeley CO (CBSA),4550,40.423314,-104.709132
Centralia IL (CBSA),983.3333333333,38.528517,-89.131694
Plymouth IN (CBSA),1316.6666666667,41.343655,-86.309728
Wabash IN (CBSA),1550,40.797821,-85.820541
Warsaw IN (CBSA),1350,41.2381,-85.853047
Boone IA (CBSA),500,42.059705,-93.880227
Fort Dodge IA  (CBSA),800,40.447631,-105.010887
Oskaloosa IA  (CBSA),800,44.200397,-88.517852
Glasgow KY (CBSA),750,36.995884,-85.911921
Somerset KY (CBSA),1200,37.092022,-84.604108
Kill Devil Hills NC (CBSA),2200,36.030723,-75.67601
Coshocton OH (CBSA),2395,40.272015,-81.859576
Urbana OH (CBSA),1025,40.108391,-83.75243
Cleveland TN (CBSA),1893.3333333333,35.159518,-84.876611
Iowa City IA (CBSA),2612.5,41.661128,-91.530168
Beatrice NE  (CBSA),247.5,43.594468,-83.888865
Watertown (DMA),3750,42.37093,-71.182832
Boulder CO  (CBSA),2300,43.193852,-71.572395
Fort Collins-Loveland CO  (CBSA),3712.5,35.334011,-81.865103
Norwich-New London CT (CBSA),3830,41.524265,-72.07591
North Port-Sarasota-Bradenton FL (CBSA),4375,27.044224,-82.235925
Albuquerque,26946.8125,35.085334,-106.605553
Atlanta,64242.25,33.748995,-84.387982
Baltimore,122361.3125,39.290385,-76.612189
Boston,266514,42.360083,-71.05888
Chicago,140155.083333333,41.878114,-87.629798
Cleveland,110788.5625,41.49932,-81.694361
Columbus,42830.25,39.961176,-82.998794
Dallas,78975,32.776664,-96.796988
Des Moines,36386.5625,41.600545,-93.609106
El Paso,10637.4166666667,31.777576,-106.442456
Ft. Smith,20325.1875,35.385924,-94.398547
Gainesville,11296.0625,29.651634,-82.324826
Houston,69809.7222222222,29.760427,-95.369803
Indianapolis,45355,39.768403,-86.158068
Jacksonville,25723.125,30.332184,-81.655651
Las Vegas,20065.6875,36.169941,-115.13983
Los Angeles,255338.125,34.052234,-118.243685
Memphis,24436.5416666667,35.149534,-90.04898
Miami,76548,25.76168,-80.19179
Milwaukee,37083.0625,43.038903,-87.906474
Minneapolis/St. Paul,94235.5,44.971669,-93.280613
New York (5 Boroughs),898880,40.712784,-74.005941
New York (Northern New Jersey),300105,40.712784,-74.005941
Orlando,92097.1875,28.538336,-81.379236
Philadelphia,136293.25,39.952584,-75.165222
Phoenix,123595.375,33.448377,-112.074037
Portland,59847.625,45.523062,-122.676482
Reno,20514.8125,39.529633,-119.813803
Sacramento,72659.7083333333,38.581572,-121.4944
Salisbury,11299.875,51.068785,-1.794472
San Antonio,29200.28125,29.424122,-98.493628
San Diego,63782.875,32.715738,-117.161084
San Francisco,114990.576923077,37.77493,-122.419416
Seattle/Tacoma,151865.05,47.45025,-122.308817
Tampa,72650.4375,27.950575,-82.457178
Tucson,23490.7619047619,32.221743,-110.926479
Washington D.C.,342597.875,38.907192,-77.036871
West Palm Beach,85259.25,26.715342,-80.053375
Wichita,20320.6875,37.688889,-97.336111
New York (Westchester County),30383.3,40.712784,-74.005941
Miami-Ft Lauderdale,11377.6666666667,26.099388,-80.13433
